,linkedin,www,About ,facebook,twitter,youtube,Instagram,logo,title,node1,node2,node3,node4,node5,year founded,finance,sales,hr,product,strategy,marketing,scope,geography,businesslifecycle,patents,traffic/media,reviews,investors type,number of investors
0,,,This a sample data about the company including a short description about the company so users can easily understand the business scope of the entity presented on the map. ,,,,,,Lextran,Israel ,,Tech solution ,Wastes and chemicals,Air ,,,,,,,,,,,,,,,
1,,,This a sample data about the company including a short description about the company so users can easily understand the business scope of the entity presented on the map. ,,,,,,Vortex Ecological Technologies,Israel ,,Tech solution ,Wastes and chemicals,Air ,,,,,,,,,,,,,,,
2,,http://www.agro-factory.com,,,,,,,Asia & Africa General Trading LLC,UAE  ,Abu Dhabi,Partner/buyer,Agriculture Development & Health,Air quality ,,,,,,,,,,,,,,,
3,,http://www.bs-gg.com,,,,,,,B&S World Supply,UAE  ,Abu Dhabi,Partner/buyer,Agriculture Development & Health,Air quality ,,,,,,,,,,,,,,,
4,,"http://www.alshaamfood.com, www.mrfoodindustries.com",,,,,,,"ARM Group of Companies (AlSham Food Factory, Royal Foodstuff Trading, MR Food Industries)",UAE  ,Abu Dhabi,Partner/buyer,Agriculture Development & Health,Aquaculture,,,,,,,,,,,,,,,
5,,http://hail.ae/hail-english/,,,,,,,Hail Agriculture Consultancy Company,UAE  ,Abu Dhabi,Partner/buyer,Agriculture Development & Health,Aquaculture,,,,,,,,,,,,,,,
6,,http://www.hakanfoods.com,,,,,,,Hakan Agro DMCC,UAE  ,Abu Dhabi,Partner/buyer,Agriculture Development & Health,Aquaculture,,,,,,,,,,,,,,,
7,,https://hassanigroup.com,,,,,,,Hassani Food Industries LLC,UAE  ,Abu Dhabi,Partner/buyer,Agriculture Development & Health,Aquaculture,,,,,,,,,,,,,,,
8,,https://www.hemaniherbals.com,,,,,,,Hemani General Trading,UAE  ,Abu Dhabi,Partner/buyer,Agriculture Development & Health,Aquaculture,,,,,,,,,,,,,,,
9,,https://arabianfarms.com/company/,,,,,,,Holding Arabian Farms Investments LLC,UAE  ,Abu Dhabi,Partner/buyer,Agriculture Development & Health,Aquaculture,,,,,,,,,,,,,,,
10,,https://www.arabindia.com,,,,,,,Arab & India Spices LLC,UAE  ,Dubai,Partner/buyer,Agriculture Development & Health,Aquaculture,,,,,,,,,,,,,,,
11,,http://www.frimexhq.com,,,,,,,Hayel Saeed Anam & Co.,UAE  ,Sharjah,Partner/buyer,Agriculture Development & Health,Aquaculture,,,,,,,,,,,,,,,
12,,https://www.uaeu.ac.ae/en/,,,,,,,United Arab Emirates University,UAE  ,Sharjah,Partner/buyer,Agriculture Development & Health,Aquaculture,,,,,,,,,,,,,,,
13,https://www.linkedin.com/company/40723573,https://simpliigood.com/,This a sample data about the company including a short description about the company so users can easily understand the business scope of the entity presented on the map. ,https://www.facebook.com/acfreshspirulina,,https://www.youtube.com/channel/UCFR1uAbqCsuuiJwBbdJEYdg,https://www.instagram.com/simpliigood/,,AlgaeMor,Israel ,,Tech solution ,Agriculture Development & Health,Aquaculture,2015.0,2.0,0.0,1.0,3.0,2.0,2.0,2.0,5.0,,,,,,
14,,http://trendlines.com/company/...,This a sample data about the company including a short description about the company so users can easily understand the business scope of the entity presented on the map. ,,,,,,AquiNovo,Israel ,,Tech solution ,Agriculture Development & Health,Aquaculture,2015.0,2.0,0.0,1.0,1.0,1.0,0.0,1.0,3.0,0.0,,,,,
15,https://www.linkedin.com/company/10694616/,http://www.biofishency.com/,This a sample data about the company including a short description about the company so users can easily understand the business scope of the entity presented on the map. ,https://www.facebook.com/biofishency,,,,,BioFishency,Israel ,,Tech solution ,Agriculture Development & Health,Aquaculture,2013.0,3.0,1.0,1.0,4.0,3.0,3.0,2.0,5.0,2.0,,,,,
16,,http://www.cattle-watch.com/,This a sample data about the company including a short description about the company so users can easily understand the business scope of the entity presented on the map. ,https://www.facebook.com/Cattle-watch-574887752645347/,,,,,CattleWatch,Israel ,,Tech solution ,Agriculture Development & Health,Aquaculture,2011.0,2.0,2.0,1.0,4.0,3.0,2.0,2.0,2.0,2.0,,,,,
17,https://www.linkedin.com/company/18146334/,http://www.eggxyt.com/,This a sample data about the company including a short description about the company so users can easily understand the business scope of the entity presented on the map. ,https://www.facebook.com/eggxyt/,https://twitter.com/EggXYt,,https://www.instagram.com/eggxyt/,,eggXYt,Israel ,,Tech solution ,Agriculture Development & Health,Aquaculture,2015.0,1.0,2.0,2.0,4.0,3.0,3.0,2.0,5.0,2.0,,,,,
18,https://www.linkedin.com/company/10453527,http://enzootic.com/,This a sample data about the company including a short description about the company so users can easily understand the business scope of the entity presented on the map. ,https://www.facebook.com/enzootic.holdings/,https://twitter.com/EnzooticInfo,https://www.youtube.com/channel/UCnHMAoEiVH6BQr7zG9Nx4yg,,,Enzootic,Israel ,,Tech solution ,Agriculture Development & Health,Aquaculture,2012.0,2.0,2.0,2.0,4.0,3.0,4.0,2.0,2.0,2.0,,,,,
19,https://www.linkedin.com/company/12670071,http://fotonica.io/,This a sample data about the company including a short description about the company so users can easily understand the business scope of the entity presented on the map. ,https://www.facebook.com/fotonica.fotonica,https://twitter.com/Fotonica12,https://www.youtube.com/channel/UCfkhnTV7GOhrK_vZZkU0Knw,https://www.instagram.com/fotonicalight/,,Fotonica,Israel ,,Tech solution ,Agriculture Development & Health,Aquaculture,2013.0,4.0,2.0,1.0,4.0,3.0,4.0,2.0,2.0,2.0,,,,,
20,https://www.linkedin.com/company/3037057,https://metabolic-robots.business.site/?utm_source=gmb&utm_medium=referral,This a sample data about the company including a short description about the company so users can easily understand the business scope of the entity presented on the map. ,https://www.facebook.com/MetabolicRobots/,https://twitter.com/metabolicrobots,,,,Metabolic Robots,Israel ,,Tech solution ,Agriculture Development & Health,Aquaculture,2011.0,2.0,2.0,1.0,4.0,3.0,4.0,2.0,5.0,2.0,,,,,
21,https://www.linkedin.com/company/2130862,https://www.seakura.co.il/en/,This a sample data about the company including a short description about the company so users can easily understand the business scope of the entity presented on the map. ,https://www.facebook.com/seakuraisrael/,https://twitter.com/seakuraseaweed,https://www.youtube.com/channel/UCi91gqAZxAtBoebVjFOcGvg,https://www.instagram.com/seakura_israel/,https://finder.startupnationcentral.org/image_cloud/seakura_59c812e6-e1fb-11ea-8a8d-853534533496?w=240&h=240,Seakura,Israel ,,Tech solution ,Agriculture Development & Health,Aquaculture,2007.0,1.0,2.0,1.0,5.0,3.0,4.0,2.0,5.0,2.0,,,,,
22,,http://www.synvaccine.com/,This a sample data about the company including a short description about the company so users can easily understand the business scope of the entity presented on the map. ,,,,,,SynVaccine,Israel ,,Tech solution ,Agriculture Development & Health,Aquaculture,2013.0,2.0,0.0,1.0,1.0,0.0,0.0,0.0,0.0,1.0,,,,,
23,,https://www.viaqua-t.com/,This a sample data about the company including a short description about the company so users can easily understand the business scope of the entity presented on the map. ,,,,,,ViAqua Therapeutics,Israel ,,Tech solution ,Agriculture Development & Health,Aquaculture,2014.0,2.0,0.0,1.0,1.0,1.0,0.0,1.0,3.0,0.0,,,,,
24,https://www.linkedin.com/company/15263354/,http://www.danziger-innovations.com/,This a sample data about the company including a short description about the company so users can easily understand the business scope of the entity presented on the map. ,,,,,,Danziger Innovations,Israel ,,Tech solution ,Agriculture Development & Health,Biotech,2008.0,2.0,4.0,3.0,5.0,3.0,4.0,3.0,1.0,3.0,,,,,
25,http://www.equi-nom.com/,http://www.equi-nom.com/,This a sample data about the company including a short description about the company so users can easily understand the business scope of the entity presented on the map. ,,,https://www.youtube.com/channel/UCLUfhI0kj_Z7QdIt5aQd6XQ,,,Equinom,Israel ,,Tech solution ,Agriculture Development & Health,Biotech,2012.0,4.0,3.0,2.0,4.0,3.0,3.0,3.0,5.0,2.0,,,,,
26,https://www.linkedin.com/company/5022013,http://www.groundworkbioag.com/,This a sample data about the company including a short description about the company so users can easily understand the business scope of the entity presented on the map. ,https://www.facebook.com/groundworkbioag,https://twitter.com/GroundworkBioAg,,,,Groundwork BioAg,Israel ,,Tech solution ,Agriculture Development & Health,Biotech,2014.0,5.0,3.0,2.0,5.0,2.0,3.0,3.0,5.0,2.0,,,,,
27,https://www.linkedin.com/company/5093963,http://www.kaiima.com/,This a sample data about the company including a short description about the company so users can easily understand the business scope of the entity presented on the map. ,https://www.facebook.com/Kaiima-Bio-Agritech-Ltd-1401353790174933/,,,,,Kaiima Bio-Agritech,Israel ,,Tech solution ,Agriculture Development & Health,Biotech,2006.0,5.0,4.0,2.0,4.0,2.0,4.0,4.0,5.0,3.0,,,,,
28,https://www.linkedin.com/company/1704972,http://www.nrgene.com/,This a sample data about the company including a short description about the company so users can easily understand the business scope of the entity presented on the map. ,https://www.facebook.com/NRGene-Technologies-1003279819696574/,https://twitter.com/NRGene,https://www.youtube.com/channel/UCLQEmqBpPqTAc93CqUlQiVw,,,NRGene,Israel ,,Tech solution ,Agriculture Development & Health,Biotech,2009.0,4.0,3.0,3.0,5.0,2.0,4.0,3.0,5.0,2.0,,,,,
29,https://www.linkedin.com/company/593482,,This a sample data about the company including a short description about the company so users can easily understand the business scope of the entity presented on the map. ,https://www.facebook.com/phenomenetworks,,https://www.youtube.com/channel/UC54FZqmjebZGHMezcJretYA,https://www.instagram.com/phenomenetworks/,,Phenome Networks,Israel ,,Tech solution ,Agriculture Development & Health,Biotech,2008.0,3.0,3.0,2.0,4.0,3.0,3.0,4.0,5.0,,,,,,
30,https://www.linkedin.com/company/3216766,https://www.youtube.com/channel/UCfX49fh4T07F1Of1m1BLVnw,This a sample data about the company including a short description about the company so users can easily understand the business scope of the entity presented on the map. ,,,https://www.youtube.com/channel/UCfX49fh4T07F1Of1m1BLVnw,,,TargetGene Biotechnologies,Israel ,,Tech solution ,Agriculture Development & Health,Biotech,2012.0,4.0,0.0,1.0,2.0,2.0,0.0,3.0,1.0,1.0,,,,,
31,,https://www.baqermohebi.com,,,,,,,Baqer Mohebi Enterprises,UAE  ,Dubai,Partner/buyer,Agriculture Development & Health,Climate Change,,,,,,,,,,,,,,,
32,,https://www.bedayatrading.ae,,,,,,,Bedaya Trading,UAE  ,Dubai,Partner/buyer,Agriculture Development & Health,Climate Change,,,,,,,,,,,,,,,
33,,http://www.binablan.net,,,,,,,Bin Ablan Foods Industry,UAE  ,Dubai,Partner/buyer,Agriculture Development & Health,Climate Change,,,,,,,,,,,,,,,
34,,http://www.aldahra.com,,,,,,,Al Dahra Holding LLC,UAE  ,Abu Dhabi,Investor ,Agriculture Development & Health,Crop Protection & Fertilizers,,,,,,,,,,,,,,,
35,,http://www.alameerafood.com,,,,,,,AL AMEERA FOODSTUFF INDUSTRIES,UAE  ,Abu Dhabi,Partner/buyer,Agriculture Development & Health,Crop Protection & Fertilizers,,,,,,,,,,,,,,,
36,,http://www.alsaqrtrading.com,,,,,,,Al Saqr General Trading Co. L.L.C.,UAE  ,Abu Dhabi,Partner/buyer,Agriculture Development & Health,Crop Protection & Fertilizers,,,,,,,,,,,,,,,
37,,http://www.emiratesfarms.com/about_us.html,,,,,,,Emirates Hydroponics Farms For Vegetables,UAE  ,Abu Dhabi,Partner/buyer,Agriculture Development & Health,Crop Protection & Fertilizers,,,,,,,,,,,,,,,
38,,https://www.sajjanfoods.com,,,,,,,Sajjan Foodstuff Trading LLC,UAE  ,Abu Dhabi,Partner/buyer,Agriculture Development & Health,Crop Protection & Fertilizers,,,,,,,,,,,,,,,
39,,https://www.alrawabidairy.com/,,,,,,,Al Rawabi Dairy Co. L.L.C.,UAE  ,Dubai,Partner/buyer,Agriculture Development & Health,Crop Protection & Fertilizers,,,,,,,,,,,,,,,
40,,http://www.aramtec.com,,,,,,,Arabian American Technology (ARAMTEC),UAE  ,Dubai,Partner/buyer,Agriculture Development & Health,Crop Protection & Fertilizers,,,,,,,,,,,,,,,
41,,http://www.graciafarms.com,,,,,,,Garcia Farms Hydroponics,UAE  ,Dubai,Partner/buyer,Agriculture Development & Health,Crop Protection & Fertilizers,,,,,,,,,,,,,,,
42,,https://www.ghassan-dubai.com,,,,,,,Ghassan Ahmed Al Sulaiman Trading LLC (GAAST LLC),UAE  ,Dubai,Partner/buyer,Agriculture Development & Health,Crop Protection & Fertilizers,,,,,,,,,,,,,,,
43,,https://srtip.ae/,,,,,,,"Sharjah Research, Technology and Innovation Park",UAE  ,Sharjah,Partner/buyer,Agriculture Development & Health,Crop Protection & Fertilizers,,,,,,,,,,,,,,,
44,,http://www.unox.com,,,,,,,Unox Middle East,UAE  ,Sharjah,Partner/buyer,Agriculture Development & Health,Crop Protection & Fertilizers,,,,,,,,,,,,,,,
45,,http://www.emco.ae,,,,,,,Emco International LLC,UAE  ,UAE Region ,Partner/buyer,Agriculture Development & Health,Crop Protection & Fertilizers,,,,,,,,,,,,,,,
46,https://www.linkedin.com/company/10115802,https://biofeed.co.il/enhome/,This a sample data about the company including a short description about the company so users can easily understand the business scope of the entity presented on the map. ,https://www.facebook.com/BiofeedControl/,,,,,Biofeed,Israel ,,Tech solution ,Agriculture Development & Health,Crop Protection & Fertilizers,2004.0,1.0,1.0,1.0,5.0,3.0,3.0,2.0,3.0,2.0,,,,,
47,https://www.linkedin.com/company/10410906,http://www.forrestinnovations.com/en/,This a sample data about the company including a short description about the company so users can easily understand the business scope of the entity presented on the map. ,,https://twitter.com/ForrestInnovat1,,,,Forrest Innovations,Israel ,,Tech solution ,Agriculture Development & Health,Crop Protection & Fertilizers,2013.0,1.0,2.0,2.0,4.0,3.0,4.0,2.0,3.0,3.0,,,,,
48,,https://www.camelicious.ae,,,,,,,Camelicious,UAE  ,Dubai,Partner/buyer,Agriculture Development & Health,Environment and Green Development,,,,,,,,,,,,,,,
49,,https://cccuwe.ae/,,,,,,,CCC (Underwater Engineering) S.A.L,UAE  ,Dubai,Partner/buyer,Agriculture Development & Health,Environment and Green Development,,,,,,,,,,,,,,,
50,,http://www.orontesinvestments.com,,,,,,,Orontes Investments L.L.C,UAE  ,Abu Dhabi,Partner/buyer,Agriculture Development & Health,Farm to consumer,,,,,,,,,,,,,,,
51,,http://www.senaat.co/,,,,,,,Senaat,UAE  ,Abu Dhabi,Partner/buyer,Agriculture Development & Health,Farm to consumer,,,,,,,,,,,,,,,
52,,http://www.alrimalgroup.com,,,,,,,Al Rimal Foodstuff Industries,UAE  ,Al Ain,Partner/buyer,Agriculture Development & Health,Farm to consumer,,,,,,,,,,,,,,,
53,,http://www.gautamgroup.com,,,,,,,Gautam General Trading LLC,UAE  ,Dubai,Partner/buyer,Agriculture Development & Health,Farm to consumer,,,,,,,,,,,,,,,
54,,https://www.emiratesbiofarm.com/,,,,,,,Emirates Bio Farm,UAE  ,UAE Region ,Partner/buyer,Agriculture Development & Health,Farm to consumer,,,,,,,,,,,,,,,
55,https://www.linkedin.com/company/17921855,https://www.farmster.co/,This a sample data about the company including a short description about the company so users can easily understand the business scope of the entity presented on the map. ,https://www.facebook.com/farmsterapp/,https://twitter.com/FarmsterApp,https://www.youtube.com/channel/UCIOa6kCFfwCyT9KKrX28T-A,,,Farmster,Israel ,,Tech solution ,Agriculture Development & Health,Farm to consumer,2017.0,1.0,1.0,1.0,3.0,1.0,2.0,2.0,3.0,1.0,,,,,
56,,http://www.alfoah.ae,,,,,,,Al Foah Company L.L.C.,UAE  ,Abu Dhabi,Partner/buyer,Agriculture Development & Health,Irrigation & water managment,,,,,,,,,,,,,,,
57,,http://www.al-kabeer.com,,,,,,,Al-Kabeer Group ME,UAE  ,Abu Dhabi,Partner/buyer,Agriculture Development & Health,Irrigation & water managment,,,,,,,,,,,,,,,
58,,http://www.emiratesmacaroni.com/,,,,,,,Emirates Macaroni Factory,UAE  ,Abu Dhabi,Partner/buyer,Agriculture Development & Health,Irrigation & water managment,,,,,,,,,,,,,,,
59,,www.npcc.ae,,,,,,,NPCC,UAE  ,Abu Dhabi,Partner/buyer,Agriculture Development & Health,Irrigation & water managment,,,,,,,,,,,,,,,
60,,https://www.nustarglobal.com,,,,,,,NuStar Global DMCC,UAE  ,Abu Dhabi,Partner/buyer,Agriculture Development & Health,Irrigation & water managment,,,,,,,,,,,,,,,
61,,http://www.olamgroup.com,,,,,,,Olam International Limited,UAE  ,Abu Dhabi,Partner/buyer,Agriculture Development & Health,Irrigation & water managment,,,,,,,,,,,,,,,
62,,http://www.omegaspices.com,,,,,,,Omega Spices Trading Co,UAE  ,Abu Dhabi,Partner/buyer,Agriculture Development & Health,Irrigation & water managment,,,,,,,,,,,,,,,
63,,http://www.orgaindustrade.com,,,,,,,ORGA INDUSTRADE FOR COMMERCE CO LTD,UAE  ,Abu Dhabi,Partner/buyer,Agriculture Development & Health,Irrigation & water managment,,,,,,,,,,,,,,,
64,,https://www.aranyafarms.com/,,,,,,,Aranya Farms,UAE  ,Dubai,Partner/buyer,Agriculture Development & Health,Irrigation & water managment,,,,,,,,,,,,,,,
65,,http://www.goody.com.sa,,,,,,,Goody Middle East FZE,UAE  ,Dubai,Partner/buyer,Agriculture Development & Health,Irrigation & water managment,,,,,,,,,,,,,,,
66,,http://www.mectonfoods.co,,,,,,,Mecton International Foods Company LLC - Amexicana,UAE  ,Dubai,Partner/buyer,Agriculture Development & Health,Irrigation & water managment,,,,,,,,,,,,,,,
67,,https://mediaquestcorp.com/,,,,,,,Media Quest,UAE  ,Dubai,Partner/buyer,Agriculture Development & Health,Irrigation & water managment,,,,,,,,,,,,,,,
68,,https://mtfc.crenov8.com/the-event/,,,,,,,Meet the Farmers Conference,UAE  ,Dubai,Partner/buyer,Agriculture Development & Health,Irrigation & water managment,,,,,,,,,,,,,,,
69,,http://www.solico-group.com,,,,,,,MEH DU General Trading LLC,UAE  ,Dubai,Partner/buyer,Agriculture Development & Health,Irrigation & water managment,,,,,,,,,,,,,,,
70,,https://omanportal.gov.om/wps/wcm/connect/en/site/home/gov/gov1/gov5governmentorganizations/maf/moa,,,,,,,"Ministry of Agriculture & Fisheries, Oman",UAE  ,Oman,Partner/buyer,Agriculture Development & Health,Irrigation & water managment,,,,,,,,,,,,,,,
71,,http://www.mithrinternational.com,,,,,,,Mithr International FZE,UAE  ,Oman,Partner/buyer,Agriculture Development & Health,Irrigation & water managment,,,,,,,,,,,,,,,
72,,http://www.nahdadubai.com,,,,,,,Nahda Dairies Industries LLC,UAE  ,Oman,Partner/buyer,Agriculture Development & Health,Irrigation & water managment,,,,,,,,,,,,,,,
73,,https://www.nchme.com,,,,,,,New Country Healthcare LLC,UAE  ,Oman,Partner/buyer,Agriculture Development & Health,Irrigation & water managment,,,,,,,,,,,,,,,
74,,https://merlinfarms.com/,,,,,,,Merlin Farms,UAE  ,Sharjah,Partner/buyer,Agriculture Development & Health,Irrigation & water managment,,,,,,,,,,,,,,,
75,,http://www.qualikoglobal.com,,,,,,,MHP Food Trading LLC,UAE  ,Sharjah,Partner/buyer,Agriculture Development & Health,Irrigation & water managment,,,,,,,,,,,,,,,
76,,https://www.sibonneuae.com,,,,,,,Sibonne Food Stuff IND LLC,UAE  ,Sharjah,Partner/buyer,Agriculture Development & Health,Irrigation & water managment,,,,,,,,,,,,,,,
77,https://www.linkedin.com/company/11690892/,http://www.hop-pth.com/,This a sample data about the company including a short description about the company so users can easily understand the business scope of the entity presented on the map. ,,,,,,Hop Engineering,Israel ,,Tech solution ,Agriculture Development & Health,Irrigation & water managment,,,,,,,,,,,,,,,
78,https://www.linkedin.com/company/10049175,http://www.neotopwater.com/,This a sample data about the company including a short description about the company so users can easily understand the business scope of the entity presented on the map. ,https://www.facebook.com/Neotop-Water-Systems-Ltd-705798506226488/,https://twitter.com/neotop_water,,,,NeoTop,Israel ,,Tech solution ,Agriculture Development & Health,Irrigation & water managment,2011.0,1.0,0.0,1.0,3.0,3.0,2.0,1.0,3.0,1.0,,,,,
79,https://www.linkedin.com/company/18199377,http://www.viridix.com/,This a sample data about the company including a short description about the company so users can easily understand the business scope of the entity presented on the map. ,https://www.facebook.com/Idripper,,,,,Viridix,Israel ,,Tech solution ,Agriculture Development & Health,Irrigation & water managment,2015.0,2.0,2.0,2.0,3.0,3.0,3.0,2.0,5.0,2.0,,,,,
80,,http://www.alajbanchicken.com/,,,,,,,Al Ajban Poultry LLC,UAE  ,Abu Dhabi,Partner/buyer,Agriculture Development & Health,Livestock & poularity,,,,,,,,,,,,,,,
81,,https://www.biosaline.org/,,,,,,,International Center for Biosaline Agriculture,UAE  ,Abu Dhabi,Partner/buyer,Agriculture Development & Health,Livestock & poularity,,,,,,,,,,,,,,,
82,,http://www.jaleelholdings.com/,,,,,,,Jaleel Distribution,UAE  ,Abu Dhabi,Partner/buyer,Agriculture Development & Health,Livestock & poularity,,,,,,,,,,,,,,,
83,,http://www.karamfoods.ae,,,,,,,Karam Foods Industries Co. LLC,UAE  ,Abu Dhabi,Partner/buyer,Agriculture Development & Health,Livestock & poularity,,,,,,,,,,,,,,,
84,,http://www.royalfi.com,,,,,,,Royal Food Industries,UAE  ,Abu Dhabi,Partner/buyer,Agriculture Development & Health,Livestock & poularity,,,,,,,,,,,,,,,
85,,https://rootsafs.com/page/homepage,,,,,,,Roots Animal Farming Services,UAE  ,Al Ain,Partner/buyer,Agriculture Development & Health,Livestock & poularity,,,,,,,,,,,,,,,
86,,http://www.almaya.ae,,,,,,,Al Maya Trading Co,UAE  ,Dubai,Partner/buyer,Agriculture Development & Health,Livestock & poularity,,,,,,,,,,,,,,,
87,,https://www.alrawabidairy.com,,,,,,,Al Rawabi Dairy Co LLC,UAE  ,Dubai,Partner/buyer,Agriculture Development & Health,Livestock & poularity,,,,,,,,,,,,,,,
88,,http://www.freshfruitscompany.com,,,,,,,Fresh Fruits Company,UAE  ,Dubai,Partner/buyer,Agriculture Development & Health,Livestock & poularity,,,,,,,,,,,,,,,
89,,http://www.galanguae.com,,,,,,,Galang General Trading LLC,UAE  ,Dubai,Partner/buyer,Agriculture Development & Health,Livestock & poularity,,,,,,,,,,,,,,,
90,,https://www.ku.ac.ae/,,,,,,,Khalifa University,UAE  ,Dubai,Partner/buyer,Agriculture Development & Health,Livestock & poularity,,,,,,,,,,,,,,,
91,,https://www.lulugroupinternational.com,,,,,,,LULU GROUP INTERNATIONAL,UAE  ,Dubai,Partner/buyer,Agriculture Development & Health,Livestock & poularity,,,,,,,,,,,,,,,
92,,http://www.maatouk.ae,,,,,,,"Maatouk 1960 Factory, LLC",UAE  ,Dubai,Partner/buyer,Agriculture Development & Health,Livestock & poularity,,,,,,,,,,,,,,,
93,,https://www.madarfarms.co/,,,,,,,Madar Farms,UAE  ,Dubai,Partner/buyer,Agriculture Development & Health,Livestock & poularity,,,,,,,,,,,,,,,
94,,http://www.majanfood.com,,,,,,,Majan Food Industries Llc,UAE  ,Dubai,Partner/buyer,Agriculture Development & Health,Livestock & poularity,,,,,,,,,,,,,,,
95,,http://www.evtrading.net,,,,,,,Eden Val Trading LLC,UAE  ,UAE Region ,Partner/buyer,Agriculture Development & Health,Livestock & poularity,,,,,,,,,,,,,,,
96,,http://www.eag.ae/,,,,,,,Elite Agro LLC,UAE  ,UAE Region ,Partner/buyer,Agriculture Development & Health,Livestock & poularity,,,,,,,,,,,,,,,
97,https://www.linkedin.com/company/34701689,http://mirobot.co.il/,This a sample data about the company including a short description about the company so users can easily understand the business scope of the entity presented on the map. ,,,https://www.youtube.com/channel/UCxifBm9KT6AtkvqFGsg-VHA,,,,Israel ,,Tech solution ,Agriculture Development & Health,Livestock & poularity,2011.0,2.0,2.0,1.0,3.0,2.0,2.0,1.0,3.0,1.0,,,,,
98,https://www.linkedin.com/company/18189900/,http://edetepta.com/,This a sample data about the company including a short description about the company so users can easily understand the business scope of the entity presented on the map. ,,,,,,Edete Precision Technologies for Agriculture,Israel ,,Tech solution ,Agriculture Development & Health,Machinery & Robotics,2016.0,2.0,0.0,1.0,1.0,2.0,1.0,2.0,0.0,0.0,,,,,
99,https://www.linkedin.com/company/5202999,http://www.ffrobotics.com/,This a sample data about the company including a short description about the company so users can easily understand the business scope of the entity presented on the map. ,,,,,,FFRobotics,Israel ,,Tech solution ,Agriculture Development & Health,Machinery & Robotics,2014.0,1.0,0.0,1.0,2.0,1.0,1.0,1.0,1.0,0.0,,,,,
100,https://www.linkedin.com/company/28487396,https://www.fruitspec.com/,This a sample data about the company including a short description about the company so users can easily understand the business scope of the entity presented on the map. ,,,,,,FruitSpec,Israel ,,Tech solution ,Agriculture Development & Health,Machinery & Robotics,2016.0,2.0,2.0,2.0,3.0,3.0,2.0,2.0,3.0,1.0,,,,,
101,,http://www.metomotion.com/,This a sample data about the company including a short description about the company so users can easily understand the business scope of the entity presented on the map. ,,,,,,MetoMotion,Israel ,,Tech solution ,Agriculture Development & Health,Machinery & Robotics,2016.0,2.0,1.0,1.0,3.0,2.0,2.0,3.0,1.0,2.0,,,,,
102,,https://www.ccel.ae/about-us/,,,,,,,Consolidated Contractors Engineering Limited (CCEL),UAE  ,Dubai,Partner/buyer,Agriculture Development & Health,Marine Environment & Fisheries Sustainability,,,,,,,,,,,,,,,
103,,http://www.asmak.me,,,,,,,Alliance Food Company LLC - AE,UAE  ,Abu Dhabi,Partner/buyer,Agriculture Development & Health,monitoring & control ,,,,,,,,,,,,,,,
104,,www.emiratessteel.com,,,,,,,Emirates Steel,UAE  ,Abu Dhabi,Partner/buyer,Agriculture Development & Health,monitoring & control ,,,,,,,,,,,,,,,
105,,www.alfoah.ae,,,,,,,Al Foah,UAE  ,Dubai,Partner/buyer,Agriculture Development & Health,monitoring & control ,,,,,,,,,,,,,,,
106,,https://www.arar.com,,,,,,,Arar Trading Company LLC,UAE  ,Dubai,Partner/buyer,Agriculture Development & Health,monitoring & control ,,,,,,,,,,,,,,,
107,,"Website
  https://www.gulfsafa-adh.com",,,,,,,Gulf & Safa Dairies Est. Abu Dhabi,UAE  ,Dubai,Partner/buyer,Agriculture Development & Health,monitoring & control ,,,,,,,,,,,,,,,
108,,https://goumbook.com/business-directory/22070/smart-acres-uae/,,,,,,,Smart Acres,UAE  ,Sharjah,Partner/buyer,Agriculture Development & Health,monitoring & control ,,,,,,,,,,,,,,,
109,,meshconomy.net,This a sample data about the company including a short description about the company so users can easily understand the business scope of the entity presented on the map. ,,,,,,BreezoMeter,Israel ,,Tech solution ,Air quality ,monitoring & control ,,,,,,,,,,,,,,,
110,,meshconomy.net,This a sample data about the company including a short description about the company so users can easily understand the business scope of the entity presented on the map. ,,,,,,DriftSense,Israel ,,Tech solution ,Air quality ,monitoring & control ,,,,,,,,,,,,,,,
111,,meshconomy.net,This a sample data about the company including a short description about the company so users can easily understand the business scope of the entity presented on the map. ,,,,,,RadGreen,Israel ,,Tech solution ,Air quality ,monitoring & control ,,,,,,,,,,,,,,,
112,,meshconomy.net,This a sample data about the company including a short description about the company so users can easily understand the business scope of the entity presented on the map. ,,,,,,GreenVision Systems,Israel ,,Tech solution ,Environment and Green Development,monitoring & control ,,,,,,,,,,,,,,,
113,https://www.linkedin.com/company/18128775,http://www.amaizz.com/,This a sample data about the company including a short description about the company so users can easily understand the business scope of the entity presented on the map. ,https://www.facebook.com/amaizztech/,https://twitter.com/AmaizzInfo,,,https://finder.startupnationcentral.org/image_cloud/amaizz_c445ecc7-9017-11e9-a1c7-9f55e0826ae6?w=240&h=240,Amaizz,Israel ,,Tech solution ,Agriculture Development & Health,Post Harvest,2015.0,1.0,1.0,1.0,3.0,2.0,1.0,1.0,3.0,1.0,,,,,
114,https://www.linkedin.com/company/19171081,http://botanohealth.com/,This a sample data about the company including a short description about the company so users can easily understand the business scope of the entity presented on the map. ,,,,,,BotanoHealth,Israel ,,Tech solution ,Agriculture Development & Health,Post Harvest,2017.0,2.0,1.0,1.0,3.0,1.0,1.0,1.0,2.0,1.0,,,,,
115,,http://valentis-nano.com/,This a sample data about the company including a short description about the company so users can easily understand the business scope of the entity presented on the map. ,,,,,,Valentis Nanotech,Israel ,,Tech solution ,Agriculture Development & Health,Post Harvest,2014.0,2.0,0.0,1.0,1.0,2.0,1.0,1.0,1.0,1.0,,,,,
116,,https://www.vivmea.nl/exhibitor-list,,,,,,,VIV MEA,UAE  ,Dubai,Events/Awards ,Agriculture Development & Health,Smart farming,,,,,,,,,,,,,,,
117,,http://alahligeneraltrading.com,,,,,,,Al Ahli General Trading Co. LLC,UAE  ,Abu Dhabi,Partner/buyer,Agriculture Development & Health,Smart farming,,,,,,,,,,,,,,,
118,,https://pureharvest.ae/,,,,,,,Pure Harvest Smart Farms,UAE  ,Abu Dhabi,Partner/buyer,Agriculture Development & Health,Smart farming,,,,,,,,,,,,,,,
119,,https://www.al-ghurair.com/en/our-sectors/foods,,,,,,,Al Ghurair Foods,UAE  ,Dubai,Partner/buyer,Agriculture Development & Health,Smart farming,,,,,,,,,,,,,,,
120,,https://www.doaagro.com,,,,,,,DOA Trading DMCC,UAE  ,Dubai,Partner/buyer,Agriculture Development & Health,Smart farming,,,,,,,,,,,,,,,
121,,http://www.dofreeze.com,,,,,,,Dofreeze L.L.C,UAE  ,Dubai,Partner/buyer,Agriculture Development & Health,Smart farming,,,,,,,,,,,,,,,
122,,http://www.dafz.ae,,,,,,,Dubai Airport Freezone,UAE  ,Dubai,Partner/buyer,Agriculture Development & Health,Smart farming,,,,,,,,,,,,,,,
123,,https://www.dubaichamber.com/,,,,,,,Dubai Chamber of Commerce,UAE  ,Dubai,Partner/buyer,Agriculture Development & Health,Smart farming,,,,,,,,,,,,,,,
124,,http://www.fishfarm.ae/,,,,,,,Fish Farm LLC,UAE  ,Dubai,Partner/buyer,Agriculture Development & Health,Smart farming,,,,,,,,,,,,,,,
125,,meshconomy.net,,,,,,,Ducab Aluminium Company (DAC),UAE  ,Sharjah,Partner/buyer,Agriculture Development & Health,Smart farming,,,,,,,,,,,,,,,
126,https://www.linkedin.com/company/19092678,http://www.agrint.net/,This a sample data about the company including a short description about the company so users can easily understand the business scope of the entity presented on the map. ,https://www.facebook.com/Agrint-Sensing-Solutions-Ltd-1720505334866838/,https://twitter.com/AgrintSensing,,,,Agrint,Israel ,,Tech solution ,Agriculture Development & Health,Smart farming,2016.0,2.0,1.0,1.0,3.0,3.0,2.0,2.0,3.0,1.0,,,,,
127,https://www.linkedin.com/company/agritask/,https://start.agritask.com/,This a sample data about the company including a short description about the company so users can easily understand the business scope of the entity presented on the map. ,https://www.facebook.com/Agritask/,https://twitter.com/agritask,,,,AgriTask,Israel ,,Tech solution ,Agriculture Development & Health,Smart farming,2005.0,3.0,3.0,3.0,4.0,3.0,3.0,3.0,5.0,2.0,,,,,
128,https://www.linkedin.com/company/9357324,http://www.airscort.me/,This a sample data about the company including a short description about the company so users can easily understand the business scope of the entity presented on the map. ,https://www.facebook.com/pages/Airscort/1591611424394988,https://twitter.com/Airscort_me,,,,Airscort,Israel ,,Tech solution ,Agriculture Development & Health,Smart farming,2014.0,1.0,1.0,1.0,3.0,3.0,2.0,1.0,1.0,1.0,,,,,
129,https://www.linkedin.com/company/10147582,http://www.cropx.com/,This a sample data about the company including a short description about the company so users can easily understand the business scope of the entity presented on the map. ,https://www.facebook.com/CropXIsrael/,https://twitter.com/crop_x,,,,CropX,Israel ,,Tech solution ,Agriculture Development & Health,Smart farming,2015.0,4.0,3.0,2.0,3.0,3.0,3.0,3.0,5.0,2.0,,,,,
130,https://www.linkedin.com/company/6376832,http://farmdog.ag/,This a sample data about the company including a short description about the company so users can easily understand the business scope of the entity presented on the map. ,https://www.facebook.com/farmdog.ag/,https://twitter.com/farmdogag,,,,Farm Dog,Israel ,,Tech solution ,Agriculture Development & Health,Smart farming,2015.0,2.0,1.0,1.0,3.0,1.0,2.0,2.0,5.0,1.0,,,,,
131,https://www.linkedin.com/company/4866715,https://www.fieldin.com/,This a sample data about the company including a short description about the company so users can easily understand the business scope of the entity presented on the map. ,https://www.facebook.com/fieldintech/,https://twitter.com/fieldintech,https://www.youtube.com/channel/UCHHGXpHioaHzpnuqXPffl8w,https://www.instagram.com/fieldintech/,,Fieldin,Israel ,,Tech solution ,Agriculture Development & Health,Smart farming,2013.0,3.0,3.0,3.0,0.0,3.0,3.0,3.0,3.0,2.0,,,,,
132,https://www.linkedin.com/company/7279048,http://www.light-and-strong.com/,This a sample data about the company including a short description about the company so users can easily understand the business scope of the entity presented on the map. ,,,,,,Light & Strong,Israel ,,Tech solution ,Agriculture Development & Health,Smart farming,2007.0,,,,,,,,,,,,,,
133,https://www.linkedin.com/company/phytech-ltd/,https://www.phytech.com/,This a sample data about the company including a short description about the company so users can easily understand the business scope of the entity presented on the map. ,,,,,,Phytech,Israel ,,Tech solution ,Agriculture Development & Health,Smart farming,2011.0,4.0,1.0,3.0,5.0,3.0,4.0,3.0,5.0,2.0,,,,,
134,https://www.linkedin.com/company/prospera-technologies/,https://home.prospera.ag/about,This a sample data about the company including a short description about the company so users can easily understand the business scope of the entity presented on the map. ,https://www.facebook.com/ProsperaTechnologies,https://twitter.com/prospera_tech,,,,Prospera,Israel ,,Tech solution ,Agriculture Development & Health,Smart farming,2014.0,4.0,4.0,3.0,4.0,3.0,3.0,3.0,3.0,2.0,,,,,
135,https://www.linkedin.com/company/sensilize/,https://sensilize.com/,This a sample data about the company including a short description about the company so users can easily understand the business scope of the entity presented on the map. ,https://www.facebook.com/sensilizeltd/,https://twitter.com/sensilize,,,,Sensilize,Israel ,,Tech solution ,Agriculture Development & Health,Smart farming,2013.0,2.0,1.0,1.0,3.0,2.0,2.0,1.0,2.0,1.0,,,,,
136,https://www.linkedin.com/company/12952246,https://skyx.solutions/,This a sample data about the company including a short description about the company so users can easily understand the business scope of the entity presented on the map. ,,https://twitter.com/skyx_agri_swarm,,,,Skyx,Israel ,,Tech solution ,Agriculture Development & Health,Smart farming,2017.0,2.0,1.0,1.0,3.0,1.0,1.0,2.0,5.0,1.0,,,,,
137,https://www.linkedin.com/company/sol-chip/,http://www.sol-chip.com,This a sample data about the company including a short description about the company so users can easily understand the business scope of the entity presented on the map. ,https://www.facebook.com/Sol-Chip-Ltd-273183862801722/,,,,,Sol Chip,Israel ,,Tech solution ,Agriculture Development & Health,Smart farming,2009.0,3.0,3.0,1.0,4.0,3.0,3.0,2.0,3.0,1.0,,,,,
138,https://www.linkedin.com/company/supplant/,http://www.supplant.me/,This a sample data about the company including a short description about the company so users can easily understand the business scope of the entity presented on the map. ,https://www.facebook.com/supplant.me/,https://twitter.com/supplant_me,,,,SupPlant,Israel ,,Tech solution ,Agriculture Development & Health,Smart farming,2012.0,3.0,2.0,3.0,4.0,0.0,0.0,0.0,0.0,0.0,,,,,
139,https://www.linkedin.com/company/taranis-visual/people/,https://taranis.ag/,This a sample data about the company including a short description about the company so users can easily understand the business scope of the entity presented on the map. ,https://www.facebook.com/taranisvisual,https://twitter.com/TaranisAg,,,,Taranis,Israel ,,Tech solution ,Agriculture Development & Health,Smart farming,2014.0,3.0,4.0,3.0,5.0,3.0,4.0,3.0,5.0,3.0,,,,,
140,https://www.linkedin.com/company/10579139,http://www.tevatronic.net/,This a sample data about the company including a short description about the company so users can easily understand the business scope of the entity presented on the map. ,https://www.facebook.com/tevatronic/,https://twitter.com/TevatronicLTD,,,,Tevatronic,Israel ,,Tech solution ,Agriculture Development & Health,Smart farming,2012.0,3.0,1.0,1.0,3.0,1.0,2.0,2.0,4.0,1.0,,,,,
141,https://www.linkedin.com/company/trellisai/,https://trellis.ag/,This a sample data about the company including a short description about the company so users can easily understand the business scope of the entity presented on the map. ,https://www.facebook.com/trellisai/,https://twitter.com/trellisai,,,,Trellis,Israel ,,Tech solution ,Agriculture Development & Health,Smart farming,2017.0,2.0,2.0,2.0,3.0,1.0,2.0,2.0,5.0,1.0,,,,,
142,https://www.linkedin.com/company/10108173,http://www.vhive.ai/,This a sample data about the company including a short description about the company so users can easily understand the business scope of the entity presented on the map. ,,,,,,vHive,Israel ,,Tech solution ,Agriculture Development & Health,Smart farming,2015.0,2.0,2.0,2.0,4.0,3.0,4.0,3.0,5.0,2.0,,,,,
143,,http://www.alaindairy.com,This a sample data about the company including a short description about the company so users can easily understand the business scope of the entity presented on the map. ,,,,,,Al Ain Farms for Livestock Production,UAE  ,Abu Dhabi,Partner/buyer,Agriculture Development & Health,Special crops,,,,,,,,,,,,,,,
144,,http://www.rashwell.com,This a sample data about the company including a short description about the company so users can easily understand the business scope of the entity presented on the map. ,,,,,,Rashwell Company (L.L.C),UAE  ,Abu Dhabi,Partner/buyer,Agriculture Development & Health,Special crops,,,,,,,,,,,,,,,
145,,http://www.hamwi-int.com,This a sample data about the company including a short description about the company so users can easily understand the business scope of the entity presented on the map. ,,,,,,Al Hamwi Coffee Company / Anorka Food Industries,UAE  ,Dubai,Partner/buyer,Agriculture Development & Health,Special crops,,,,,,,,,,,,,,,
146,,https://www.dubaifuture.ae/,This a sample data about the company including a short description about the company so users can easily understand the business scope of the entity presented on the map. ,,,,,,Dubai Future Foundation,UAE  ,Dubai,Partner/buyer,Agriculture Development & Health,Special crops,,,,,,,,,,,,,,,
147,,meshconomy.net,This a sample data about the company including a short description about the company so users can easily understand the business scope of the entity presented on the map. ,,,,,,Dubai Holding,UAE  ,Dubai,Partner/buyer,Agriculture Development & Health,Special crops,,,,,,,,,,,,,,,
148,,https://www.dsoa.ae/explore-dso/who-we-are/our-story,This a sample data about the company including a short description about the company so users can easily understand the business scope of the entity presented on the map. ,,,,,,Dubai Silicon Oasis,UAE  ,Dubai,Partner/buyer,Agriculture Development & Health,Special crops,,,,,,,,,,,,,,,
149,,http://www.sme.ae,This a sample data about the company including a short description about the company so users can easily understand the business scope of the entity presented on the map. ,,,,,,Dubai SME,UAE  ,Dubai,Partner/buyer,Agriculture Development & Health,Special crops,,,,,,,,,,,,,,,
150,,http://www.foodspecialities.com,This a sample data about the company including a short description about the company so users can easily understand the business scope of the entity presented on the map. ,,,,,,Food Specialities Limited,UAE  ,Dubai,Partner/buyer,Agriculture Development & Health,Special crops,,,,,,,,,,,,,,,
151,,http://www.modfoodco.com,This a sample data about the company including a short description about the company so users can easily understand the business scope of the entity presented on the map. ,,,,,,Yatha Trading JLT,UAE  ,Dubai,Partner/buyer,Agriculture Development & Health,Special crops,,,,,,,,,,,,,,,
152,,www.ducab.ae,This a sample data about the company including a short description about the company so users can easily understand the business scope of the entity presented on the map. ,,,,,,Ducab,UAE  ,UAE Region ,Partner/buyer,Agriculture Development & Health,Special crops,,,,,,,,,,,,,,,
153,https://www.linkedin.com/company/40756635,http://www.cannabotech.com/,This a sample data about the company including a short description about the company so users can easily understand the business scope of the entity presented on the map. ,https://www.facebook.com/Cannabotech/,,https://www.youtube.com/channel/UCunuZQNDno_D43jUZ8IDT4Q,,,CannaboTech,Israel ,,Tech solution ,Agriculture Development & Health,Special crops,2019.0,2.0,1.0,1.0,3.0,1.0,2.0,2.0,3.0,1.0,,,,,
154,https://www.linkedin.com/company/2369898,https://www.facebook.com/CollPlantBio/,This a sample data about the company including a short description about the company so users can easily understand the business scope of the entity presented on the map. ,https://www.facebook.com/CollPlantBio/,https://twitter.com/CollplantBio,https://www.youtube.com/channel/UC_7SlEx2hGdrw75fvVeOgsw,,,CollPlant,Israel ,,Tech solution ,Agriculture Development & Health,Special crops,2004.0,5.0,4.0,2.0,5.0,4.0,4.0,5.0,5.0,3.0,,,,,
155,https://www.linkedin.com/company/11578441,http://www.growponics.co.uk/,This a sample data about the company including a short description about the company so users can easily understand the business scope of the entity presented on the map. ,https://www.facebook.com/growponics,https://twitter.com/growponics,,,,Growponics,Israel ,,Tech solution ,Agriculture Development & Health,Special crops,2011.0,1.0,2.0,2.0,4.0,3.0,2.0,2.0,5.0,2.0,,,,,
156,https://www.linkedin.com/company/9400362,http://www.getleaf.co/,This a sample data about the company including a short description about the company so users can easily understand the business scope of the entity presented on the map. ,https://www.facebook.com/leafgrow,https://www.twitter.com/leafgrowhq,,https://www.instagram.com/leafgrow/,https://finder.startupnationcentral.org/image_cloud/leaf_670694b5-fbdc-11ea-a4f4-17c2ad375337?w=240&h=240,Leaf,Israel ,,Tech solution ,Agriculture Development & Health,Special crops,2015.0,3.0,2.0,1.0,4.0,3.0,3.0,3.0,5.0,2.0,,,,,
157,https://www.linkedin.com/company/3274379,http://www.tal-ya.com/,This a sample data about the company including a short description about the company so users can easily understand the business scope of the entity presented on the map. ,,https://twitter.com/MickeyCTalYa,https://www.youtube.com/channel/UCd7IFZMoEPGMH4LqeMsSF1A,,https://finder.startupnationcentral.org/image_cloud/tal-ya_a0f5fe87-1275-11e5-8681-4fb17f217c76?w=240&h=240,Tal-Ya Agriculture Solutions,Israel ,,Tech solution ,Agriculture Development & Health,Special crops,2005.0,1.0,1.0,0.0,4.0,3.0,3.0,2.0,5.0,2.0,,,,,
158,,meshconomy.net,This a sample data about the company including a short description about the company so users can easily understand the business scope of the entity presented on the map. ,,,,,,Alokozay FZE,UAE  ,Abu Dhabi,Partner/buyer,Agriculture Development & Health,Treatment ,,,,,,,,,,,,,,,
159,,www.arkan.ae,This a sample data about the company including a short description about the company so users can easily understand the business scope of the entity presented on the map. ,,,,,,Arkan Building Materials Company PJSC (“Arkan”),UAE  ,Abu Dhabi,Partner/buyer,Agriculture Development & Health,Treatment ,,,,,,,,,,,,,,,
160,,http://farmin.ai/,This a sample data about the company including a short description about the company so users can easily understand the business scope of the entity presented on the map. ,,,,,,Farmin,UAE  ,Abu Dhabi,Partner/buyer,Agriculture Development & Health,Treatment ,,,,,,,,,,,,,,,
161,,http://www.premiumnatureuae.com/,This a sample data about the company including a short description about the company so users can easily understand the business scope of the entity presented on the map. ,,,,,,Premium Nature Distribution LLc,UAE  ,Abu Dhabi,Partner/buyer,Agriculture Development & Health,Treatment ,,,,,,,,,,,,,,,
162,,https://gulfagriculture.com/,This a sample data about the company including a short description about the company so users can easily understand the business scope of the entity presented on the map. ,,,,,,Gulf Agriculture,UAE  ,Al Ain,Partner/buyer,Agriculture Development & Health,Treatment ,,,,,,,,,,,,,,,
163,,http://algharbiapipe.com/,This a sample data about the company including a short description about the company so users can easily understand the business scope of the entity presented on the map. ,,,,,,Al Gharbia,UAE  ,Dubai,Partner/buyer,Agriculture Development & Health,Treatment ,,,,,,,,,,,,,,,
164,,https://www.vibra.com.br,This a sample data about the company including a short description about the company so users can easily understand the business scope of the entity presented on the map. ,,,,,,Vibra Food Trading LLC,UAE  ,Dubai,Partner/buyer,Agriculture Development & Health,Treatment ,,,,,,,,,,,,,,,
165,,http://www.trofinafood.com,This a sample data about the company including a short description about the company so users can easily understand the business scope of the entity presented on the map. ,,,,,,Trofina Food (Middle East) FZC,UAE  ,Sharjah,Partner/buyer,Agriculture Development & Health,Treatment ,,,,,,,,,,,,,,,
166,,meshconomy.net,This a sample data about the company including a short description about the company so users can easily understand the business scope of the entity presented on the map. ,,,,,,Salamandra Zone,Israel ,,Tech solution ,Air quality ,Treatment ,,,,,,,,,,,,,,,
167,https://www.linkedin.com/company/10250610,http://www.3plw.co/,This a sample data about the company including a short description about the company so users can easily understand the business scope of the entity presented on the map. ,,,,,,3PLW,Israel ,,Tech solution ,Wastes and chemicals,Waste Tech,2015.0,3.0,1.0,2.0,2.0,3.0,4.0,1.0,3.0,1.0,,,,,
168,https://www.linkedin.com/company/3575821,https://homebiogas.com/,This a sample data about the company including a short description about the company so users can easily understand the business scope of the entity presented on the map. ,https://www.facebook.com/homebiogas,https://twitter.com/home_biogas,https://www.youtube.com/channel/UC_2lbLBOxZpEDHLEzd1z9vQ,https://www.instagram.com/home_biogas/,,HomeBiogas,Israel ,,Tech solution ,Wastes and chemicals,Waste Tech,2012.0,4.0,2.0,2.0,5.0,3.0,3.0,2.0,5.0,2.0,,,,,
169,https://www.linkedin.com/company/4983275,http://www.melodea.eu/,This a sample data about the company including a short description about the company so users can easily understand the business scope of the entity presented on the map. ,,https://twitter.com/melodealtd,,,,Melodea,Israel ,,Tech solution ,Wastes and chemicals,Waste Tech,2010.0,3.0,1.0,2.0,2.0,1.0,2.0,1.0,0.0,1.0,,,,,
170,,meshconomy.net,This a sample data about the company including a short description about the company so users can easily understand the business scope of the entity presented on the map. ,,,,,,Tevet Water Technologies,Israel ,,Tech solution ,Wastes and chemicals,Waste Tech,,,,,,,,,,,,,,,
171,,meshconomy.net,This a sample data about the company including a short description about the company so users can easily understand the business scope of the entity presented on the map. ,,,,,,yAlgae,Israel ,,Tech solution ,Wastes and chemicals,Waste Tech,,,,,,,,,,,,,,,
172,,https://www.ccc.net/about/,This a sample data about the company including a short description about the company so users can easily understand the business scope of the entity presented on the map. ,,,,,,Consolidated Contractors International Company (CCIC),UAE  ,Dubai,Partner/buyer,Agriculture Development & Health,Wastes and chemicals,,,,,,,,,,,,,,,
173,,meshconomy.net,This a sample data about the company including a short description about the company so users can easily understand the business scope of the entity presented on the map. ,,,,,,Cukierman Investment House,UAE  ,Dubai,Partner/buyer,Agriculture Development & Health,Wastes and chemicals,,,,,,,,,,,,,,,
174,,http://www.deltafood.ae,This a sample data about the company including a short description about the company so users can easily understand the business scope of the entity presented on the map. ,,,,,,Delta Food Industries FZC,UAE  ,Dubai,Partner/buyer,Agriculture Development & Health,Wastes and chemicals,,,,,,,,,,,,,,,
175,,http://digi-agri.com/,This a sample data about the company including a short description about the company so users can easily understand the business scope of the entity presented on the map. ,,,,,,Digiagri,UAE  ,Dubai,Partner/buyer,Agriculture Development & Health,Wastes and chemicals,,,,,,,,,,,,,,,
176,,meshconomy.net,Ghadan 21 initiative to grow Abu Dhabi’s R&D ecosystem with a commitment of AED 300 million (USD 81 million) to crowdsource innovation,,,,,,Ghadan 21,UAE  ,Abu Dhabi,Goverment ,Accelrator ,,,,,,,,,,,,,,,,
177,,https://www.investinabudhabi.ae/,"The Agtech Incentive Scheme is part of an accelerator program to establish the UAE’s capital as a global center for agricultural innovation in desert environments. The UAE Government will offer a series of cash and non-cash incentives to make it easier for local and global agtech companies to set up and expand their operations. The incentive packages will enable the creation of advanced agtech knowledge in Abu Dhabi and help to solve traditional farming challenges. The package is part of Ghadan 21 (Tomorrow 21), which is a three-year AED 50 billion programme designed to accelerate the capital’s economic growth.",,,,,,ADIO Agtech Incentive Scheme,UAE  ,Abu Dhabi,Goverment ,Accelrator ,,,,,,,,,,,,,,,,
178,,https://dubaifutureaccelerators.com/en/challenges/,"Dubai Future Accelerators facilitates collaboration between government entities and private sector organizations from around the world to co-create solutions for bold challenges of tomorrow. The 9-week program is structured to include a series of workshops, office hours with mentors, and cultural activities.",,,,,,Dubai Future Accelerators,UAE  ,Dubai,Goverment ,Accelrator ,,,,,,,,,,,,,,,,
179,,https://catalyst.ae/,"Catalyst is a startup technology accelerator based in Masdar City, Abu Dhabi. Their vision is to build a robust startup ecosystem focused on sustainability in Abu Dhabi.",,,,,,Catalyst,UAE  ,Abu Dhabi,Investor ,Accelrator ,,,,,,,,,,,,,,,,
180,,https://sites.nyuad.nyu.edu/nyuadstartad/,"startAD is an Abu Dhabi-based global accelerator steering seed-stage technology startups to launch, develop, and scale their ventures. Their programs include: Corporate Sprint Accelerator, Al Warsha, Spring Youth Entrepreneurship Program, Youth Entrepreneurship Bootcamp, StartInvest, Founder School, Summer Incubator and Ibtikari",,,,,,startAD,UAE  ,Abu Dhabi,organisations ,Accelrator ,,,,,,,,,,,,,,,,
181,,https://www.plugandplaytechcenter.com/abu-dhabi/,"lug and Play is a global innovation platform, bringing together the world's startups and largest corporations. Plug and Play runs three accelerator programs in the UAE: 1. Fintech 2. Travel and Hospitality 3. Healthcare The global Plug and Play company runs food-related accelerator programs.",,,,,,Plug and Play,UAE  ,UAE Region ,organisations ,Accelrator ,,,,,,,,,,,,,,,,
182,,https://www.techstars.com/hub71-program/,"An accelerator, in partnership between Hub 71 and Techstars, which provides a robust mentorship program and access to the Global Techstars network, to help accelerate startups in the UAE.",,,,,,Techstars x Hub71 Accelerator,UAE  ,UAE Region ,organisations ,Accelrator ,,,,,,,,,,,,,,,,
183,,https://www.adq.ae/,This a sample data about the company including a short description about the company so users can easily understand the business scope of the entity presented on the map. ,,,,,,ADQ,UAE  ,Abu Dhabi,Partner/buyer,Agriculture Development & Health,,,,,,,,,,,,,,,,
184,,https://en.m.wikipedia.org/wiki/Flydubai,This a sample data about the company including a short description about the company so users can easily understand the business scope of the entity presented on the map. ,,,,,,Ghaith Al Ghaith,UAE  ,Abu Dhabi,High Connectors ,Aviation,,,,,,,,,,,,,,,,
185,,http://www.dubaichamber.com/,"Smartpreneur Competition is an open competition for technology startups who have solutions in the fields of sustainability, mobility, and opportunity. The competition seeks innovative solutions in alternative food sources, water, and renewable and clean energy that will contribute to preserving our environment in alignment with UAE Green Economy Vision 2021. Participants who qualify will attend two full-day workshops on mentorship, relationship-building, and business plan development.",,,,,,Smartpreneur Competition,UAE  ,Dubai,Events/Awards ,Awards,,,,,,,,,,,,,,,,
186,,https://makingprosperity.com/page/initiative,"The Mohammed bin Rashid Initiative for Global Prosperity invites the world’s leading manufacturers, start-ups and entrepreneurs, governments, UN agencies and philanthropists, academia and researchers, to form a community dedicated to spreading global prosperity through the art of ‘making’. The initiative specifically seeks to recognize achievements that have positively contributed to the well-being of our world while fostering the values of resilience, community, harmony and dignity. The initiative is organized into 4 themes every year. Previous themes include ""Sustainable and Healthy Food for All"" and ""Rural Transformation and Zero Hunger"".",,,,,,MBR Global Makers Challenge,UAE  ,International ,Events/Awards ,Awards,,,,,,,,,,,,,,,,
187,,http://www.shjseen.ae/,ShjSEEN is a program from the Sharjah Chamber of Commerce & Industry that offers a total of 7 different awards to businesses that promote entrepreneurship in the emirate. Among these are the Sharjah Green Award and the Startup Award. ShjSeen aims to benefit Sharjah’s economy in all business sectors by furthering sustainable economic growth and recognizing business achievement.,,,,,,ShjSEEN Awards Programme,UAE  ,Sharjah,Events/Awards ,Awards,,,,,,,,,,,,,,,,
188,,https://www.kiaai.ae/en,The Khalifa International Award for Date Palm and Agriculture Innovation aims to recognize individuals and organizations dedicated to increasing agricultural productivity in the UAE.,,,,,,Khalifa International Date Palm Award and Agricultural Innovation,UAE  ,UAE Region ,Events/Awards ,Awards,,,,,,,,,,,,,,,,
189,,https://entry.zayedsustainabilityprize.com/,"Zayed Sustainability Prize is the UAE´s pioneering global award in sustainability and a tribute to the legacy of the late founding father of the UAE, Sheikh Zayed bin Sultan al Nahyan. Established in 2008, this annual award recognizes and rewards the achievements of those who are driving impactful, innovative and inspiring sustainability solutions across five distinct categories: Health, Food, Energy, Water and Global High Schools.",,,,,,Zayed Sustainability Prize,UAE  ,UAE Region ,Events/Awards ,Awards,,,,,,,,,,,,,,,,
190,,http://innovationsinagriculture.com/gfia-innovation-awards/,"The Global Forum for Innovations in Agriculture (GFIA) are designed to celebrate innovations that help to improve global food security without destroying our planet. Award categories:
Best innovation in honey production
Best indoor farming innovation
Best innovation in animal production
Best aquaculture innovation
Best date production innovation
Best innovation in crops production
Best innovation by a start-up company",,,,,,Global Forum for Innovations in Agriculture (GFIA),UAE  ,International ,Events/Awards ,awards ,,,,,,,,,,,,,,,,
191,,https://zayedprize.org.ae/emirates-appreciation-award,"H.H. Sheikh Khalifa Bin Zayed Al Nahyan, President of the UAE, launched the Emirates Appreciation Award for the Environment (EAAE). The initiative was founded by H.H. Sheikh Mohammad Bin Rashid Al Maktoum, Vice President and Prime Minister of the United Arab Emirates and Ruler of Dubai - Patron of the Zayed International Foundation for the Environment, to recognize and honor individual, institutional and corporate initiatives and practices that promote the values of sustainable living in the UAE and contribute to the implementation of the UAE Green Development Strategy.",,,,,,Emirates Appreciation Award for the Emirates,UAE  ,UAE Region ,Events/Awards ,awards ,,,,,,,,,,,,,,,,
192,,meshconomy.net,This a sample data about the company including a short description about the company so users can easily understand the business scope of the entity presented on the map. ,,,,,,Albo,Israel ,,Tech solution ,Climate Change,,,,,,,,,,,,,,,,
193,,meshconomy.net,This a sample data about the company including a short description about the company so users can easily understand the business scope of the entity presented on the map. ,,,,,,Cligo,Israel ,,Tech solution ,Climate Change,,,,,,,,,,,,,,,,
194,,meshconomy.net,This a sample data about the company including a short description about the company so users can easily understand the business scope of the entity presented on the map. ,,,,,,Designer2Buyer,Israel ,,Tech solution ,Climate Change,,,,,,,,,,,,,,,,
195,,meshconomy.net,This a sample data about the company including a short description about the company so users can easily understand the business scope of the entity presented on the map. ,,,,,,Emnotion,Israel ,,Tech solution ,Climate Change,,,,,,,,,,,,,,,,
196,,http://www.mishalkanoo.com/,This a sample data about the company including a short description about the company so users can easily understand the business scope of the entity presented on the map. ,,,,,,Mishal Kanoo - Chariman,UAE  ,Abu Dhabi,High Connectors ,Diversified,,,,,,,,,,,,,,,,
197,,https://tcaabudhabi.ae/en/who.we.are/our.management/chairman.aspx,This a sample data about the company including a short description about the company so users can easily understand the business scope of the entity presented on the map. ,,,,,,HE Mohamed Khalifa Al Mubarak - Chairman & CEO,UAE  ,Abu Dhabi,High Connectors ,Diversified,,,,,,,,,,,,,,,,
198,,https://en.wikipedia.org/wiki/Fatima_Al_Jaber,This a sample data about the company including a short description about the company so users can easily understand the business scope of the entity presented on the map. ,,,,,,HE Fatima Al Jaber - COO,UAE  ,Abu Dhabi,High Connectors ,Diversified,,,,,,,,,,,,,,,,
199,,https://en.wikipedia.org/wiki/Amina_Al_Rustamani,This a sample data about the company including a short description about the company so users can easily understand the business scope of the entity presented on the map. ,,,,,,Dr Amina Al Rostamani - Director ,UAE  ,Abu Dhabi,High Connectors ,Diversified,,,,,,,,,,,,,,,,
200,,https://www.linkedin.com/in/hamad-buamim-05a81356/?originalSubdomain=ae,This a sample data about the company including a short description about the company so users can easily understand the business scope of the entity presented on the map. ,,,,,,HE Hamad Buamim - President & CEO,UAE  ,Abu Dhabi,High Connectors ,Diversified,,,,,,,,,,,,,,,,
201,,https://en.wikipedia.org/wiki/Reem_Al_Hashimi,This a sample data about the company including a short description about the company so users can easily understand the business scope of the entity presented on the map. ,,,,,,HE Reem Al Hashimy - Director General ,UAE  ,Abu Dhabi,High Connectors ,Diversified,,,,,,,,,,,,,,,,
202,,https://www.bloomberg.com/profile/person/18877122,This a sample data about the company including a short description about the company so users can easily understand the business scope of the entity presented on the map. ,,,,,,HE Abdulla Al Habbai - Chairman,UAE  ,Abu Dhabi,High Connectors ,Diversified,,,,,,,,,,,,,,,,
203,,https://en.wikipedia.org/wiki/Khaldoon_Al_Mubarak,This a sample data about the company including a short description about the company so users can easily understand the business scope of the entity presented on the map. ,,,,,,"HE Khaldoon Khalifa Al Mubarak - CEO, Chairman",UAE  ,Abu Dhabi,High Connectors ,Diversified,,,,,,,,,,,,,,,,
204,,https://en.wikipedia.org/wiki/Ahmed_bin_Saeed_Al_Maktoum,This a sample data about the company including a short description about the company so users can easily understand the business scope of the entity presented on the map. ,,,,,,HH Sheikh Ahmed bin Saeed Al Maktoum - Chairman,UAE  ,Al Ain,High Connectors ,Diversified,,,,,,,,,,,,,,,,
205,,https://www.forbes.com/profile/abdulla-al-futtaim/?sh=20745ce82d11,This a sample data about the company including a short description about the company so users can easily understand the business scope of the entity presented on the map. ,,,,,,Majid Al Futtaim - Founder,UAE  ,Al Ain,High Connectors ,Diversified,,,,,,,,,,,,,,,,
206,,https://www.algurg.com/Leadership/Esag-Leadership-Member/2,This a sample data about the company including a short description about the company so users can easily understand the business scope of the entity presented on the map. ,,,,,,HE Dr Raja Easa Al Gurg - Manging director ,UAE  ,Fujairah,High Connectors ,Diversified,,,,,,,,,,,,,,,,
207,,https://en.wikipedia.org/wiki/Sultan_Ahmed_Al_Jaber,This a sample data about the company including a short description about the company so users can easily understand the business scope of the entity presented on the map. ,,,,,,"HE Dr Sultan Al Jaber - Director general & CEO, Chairman",UAE  ,UAE Region ,High Connectors ,Energy,,,,,,,,,,,,,,,,
208,,https://www.linkedin.com/in/eng-malhammadi/?originalSubdomain=ae,This a sample data about the company including a short description about the company so users can easily understand the business scope of the entity presented on the map. ,,,,,,Mohamed Al Hammadi - CEO,UAE  ,UAE Region ,High Connectors ,Energy,,,,,,,,,,,,,,,,
209,,meshconomy.net,This a sample data about the company including a short description about the company so users can easily understand the business scope of the entity presented on the map. ,,,,,,Catalife,Israel ,,Tech solution ,Environment and Green Development,,,,,,,,,,,,,,,,
210,,https://www.abudhabichamber.ae/Abu-Dhabi-Chamber-SME-Award,This a sample data about the company including a short description about the company so users can easily understand the business scope of the entity presented on the map. ,,,,,,Abu Dhabi Chamber SME Award,UAE  ,Abu Dhabi,Goverment ,establishing a business in the UAE,,,,,,,,,,,,,,,,
211,,https://dtec.ae/about/,This a sample data about the company including a short description about the company so users can easily understand the business scope of the entity presented on the map. ,,,,,,Dubai Technology Entrepreneurship Campus (DTEC) i,UAE  ,Dubai,organisations ,establishing a business in the UAE,,,,,,,,,,,,,,,,
212,,https://www.dsoa.ae/explore-dso/who-we-are/our-story,This a sample data about the company including a short description about the company so users can easily understand the business scope of the entity presented on the map. ,,,,,,"Dubai Silicon Oasis is a globally recognized free zone and an integrated technology park that allows people to live, work, and play. Hosting modern technology based industries and an urban master-planned community in an iconic location, DSO offers state-of-the-art infrastructure and in-house business services",UAE  ,Dubai,Technology park/Free zone  ,establishing a business in the UAE,,,,,,,,,,,,,,,,
213,,https://srtip.ae/our-offerings/,This a sample data about the company including a short description about the company so users can easily understand the business scope of the entity presented on the map. ,,,,,,Sharjah Technology and Innovation park (SRTI),UAE  ,Sharjah,Technology park/Free zone  ,establishing a business in the UAE,,,,,,,,,,,,,,,,
214,,https://uaeusip.uaeu.ac.ae/en/about/,This a sample data about the company including a short description about the company so users can easily understand the business scope of the entity presented on the map. ,,,,,,UAEU Science and Innovation Park,UAE  ,UAE Region ,Technology park/Free zone  ,establishing a business in the UAE,,,,,,,,,,,,,,,,
215,,https://www.ideanco.com/lab/challenge/nourishondubai/,This a sample data about the company including a short description about the company so users can easily understand the business scope of the entity presented on the map. ,,,,,,Ideanco Nourishon Dubai,UAE  ,Dubai,Events/Awards ,Event,,,,,,,,,,,,,,,,
216,,https://www.agramiddleeast.com/en/Home.html,This a sample data about the company including a short description about the company so users can easily understand the business scope of the entity presented on the map. ,,,,,,Agra ME,UAE  ,Abu Dhabi,Events/Awards ,Event ,,,,,,,,,,,,,,,,
217,,https://agriscapeuae.com/,This a sample data about the company including a short description about the company so users can easily understand the business scope of the entity presented on the map. ,,,,,,Agriscape -Event,UAE  ,Abu Dhabi,Events/Awards ,Event ,,,,,,,,,,,,,,,,
218,,https://www.bloomberg.com/profile/person/4769802,This a sample data about the company including a short description about the company so users can easily understand the business scope of the entity presented on the map. ,,,,,,Mazin Al Nahedh - Group CEO,UAE  ,Abu Dhabi,High Connectors ,Finance,,,,,,,,,,,,,,,,
219,,https://www.weforum.org/people/mahmood-kooheji,This a sample data about the company including a short description about the company so users can easily understand the business scope of the entity presented on the map. ,,,,,,Mahmood Hashim Al Kooheji - CEO,UAE  ,Al Ain,High Connectors ,Finance,,,,,,,,,,,,,,,,
220,,https://www.borsedubai.ae/chairman.htm,This a sample data about the company including a short description about the company so users can easily understand the business scope of the entity presented on the map. ,,,,,,HE Essa Kazim - Chairman / Governor,UAE  ,Dubai,High Connectors ,Finance,,,,,,,,,,,,,,,,
221,,https://www.bloomberg.com/profile/person/16436812,This a sample data about the company including a short description about the company so users can easily understand the business scope of the entity presented on the map. ,,,,,,Shaikha Al Bahar - Deputy group CEO,UAE  ,UAE Region ,High Connectors ,Finance,,,,,,,,,,,,,,,,
222,,https://en.wikipedia.org/wiki/Mohammed_Mahfoodh_Al_Ardhi,This a sample data about the company including a short description about the company so users can easily understand the business scope of the entity presented on the map. ,,,,,,Mohammed bin Mahfoodh Alardhi - Executive chairman / Chairman,UAE  ,UAE Region ,High Connectors ,Finance,,,,,,,,,,,,,,,,
223,,https://www.bloomberg.com/profile/person/15030674,This a sample data about the company including a short description about the company so users can easily understand the business scope of the entity presented on the map. ,,,,,,Ala’a Eraiqat - CEO,UAE  ,UAE Region ,High Connectors ,Finance,,,,,,,,,,,,,,,,
224,,https://www.bloomberg.com/profile/person/17563705,This a sample data about the company including a short description about the company so users can easily understand the business scope of the entity presented on the map. ,,,,,,Jassim Al Seddiqi - CEO,UAE  ,UAE Region ,High Connectors ,Finance,,,,,,,,,,,,,,,,
225,,https://www.bloomberg.com/profile/person/15153753,This a sample data about the company including a short description about the company so users can easily understand the business scope of the entity presented on the map. ,,,,,,Abdulhamid Mohammed Saeed - Group CEO,UAE  ,UAE Region ,High Connectors ,Finance,,,,,,,,,,,,,,,,
226,,https://en.wikipedia.org/wiki/Abdul_Aziz_Al_Ghurair,This a sample data about the company including a short description about the company so users can easily understand the business scope of the entity presented on the map. ,,,,,,HE Abdul Aziz Al Ghurair - CEO,UAE  ,UAE Region ,High Connectors ,Finance,,,,,,,,,,,,,,,,
227,,https://www.adfd.ae/english/Projects/ProjectCycle/Pages/Home.aspx,Abu Dhabi Development Fund (ADDF) provides financial resources in the form of sovereign loans for public sector projects that are in accordance with the requirements of the Organization for Economic Cooperation and Development (OECD).,,,,,,Abu Dhabi Development Fund (ADDF),UAE  ,Abu Dhabi,Goverment ,Finance,,,,,,,,,,,,,,,,
228,,https://www.worldfutureenergysummit.com/adsw-calendar-jn27/clix-the-climate-innovations-exchange#/,"The Climate Innovations Exchange, supported by the UAE’s Ministry of Climate Change and Environment, enables the sourcing and funding of climate change solutions and technologies. CLIX is a unique global start-up marketplace, part of World Future Energy Summit and the Abu Dhabi Sustainability Week. It is a unique global platform that connects entrepreneurs and investors to deliver sustainable climate solutions.",,,,,,Climate Innovations Exchange,UAE  ,Abu Dhabi,Goverment ,Finance,,,,,,,,,,,,,,,,
229,,https://www.icd.gov.ae/,"The Investment Corporation of Dubai provides strategic oversight by developing a diverse portfolio of commercial companies and investments, both locally and internationally.",,,,,,Investment Corporation of Dubai,UAE  ,Dubai,Goverment ,Finance,,,,,,,,,,,,,,,,
230,,https://www.bloomberg.com/profile/person/15752463,,,,,,,HH Sultan bin Mohammed bin Saud Al Kabeer - Co-founder &chairman,UAE  ,UAE Region ,High Connectors ,Food ,,,,,,,,,,,,,,,,
231,,https://www.agthia.com,This a sample data about the company including a short description about the company so users can easily understand the business scope of the entity presented on the map. ,,,,,,Agthia Group PJSC,UAE  ,Abu Dhabi,Partner/buyer,Food ,,,,,,,,,,,,,,,,
232,,https://kryptolabs.com/en/startup-programs,"Krypto Labs is an innovation hub that offer custom business incubation programs, mentorship, seed funding, entrepreneurship-focused training and a coworking space located in the sustainable eco-development Masdar City in Abu Dhabi",,,,,,Krypto Labs,UAE  ,Abu Dhabi,organisations ,Hub ,,,,,,,,,,,,,,,,
233,,https://www.hub71.com/,"Hub 71 is a AED 1 billion hub that seeks to accelerate the local economy by bringing together start-ups, innovators and global powerhouses in the technology industry. The new hub will be based in Abu Dhabi Global Market Square on Al Maryah Island and is projected to attract more than 100 start-ups in the next three years in different sectors, including transportation and autonomous driving, life sciences, cyber security, financial services, food systems and food supply chain, among others.",,,,,,Hub 71,UAE  ,Abu Dhabi,organisations ,Hub ,,,,,,,,,,,,,,,,
234,,https://sheraa.ae/about-us/,"Sheraa offers programs tailored to every stage of the entrepreneurial journey, providing the support necessary to turn ideas into reality, from the pre-seed to series A stage.",,,,,,Sheraa – Sharjah Entrepreneurship Center,UAE  ,Sharjah,organisations ,Hub ,,,,,,,,,,,,,,,,
235,,https://www.bloomberg.com/profile/person/5549291,This a sample data about the company including a short description about the company so users can easily understand the business scope of the entity presented on the map. ,,,,,,Yousef Abdullah Al Benyan - Vice chairman and CEO,UAE  ,UAE Region ,High Connectors ,Industry,,,,,,,,,,,,,,,,
236,,https://www.linkedin.com/in/khaled-saleh-al-mudaifer-47148715/?originalSubdomain=sa,This a sample data about the company including a short description about the company so users can easily understand the business scope of the entity presented on the map. ,,,,,,Khaled bin Saleh Al Mudaifer - CEO & President,UAE  ,UAE Region ,High Connectors ,Industry,,,,,,,,,,,,,,,,
237,,https://www.ega.ae/en/about-us/our-leadership/abdulla-jassem-kalban,This a sample data about the company including a short description about the company so users can easily understand the business scope of the entity presented on the map. ,,,,,,Abdulla Jassem Kalban - CEO & Managing Director,UAE  ,UAE Region ,High Connectors ,Industry,,,,,,,,,,,,,,,,
238,,https://www.linkedin.com/in/sultanbinsulayem/?originalSubdomain=ae,This a sample data about the company including a short description about the company so users can easily understand the business scope of the entity presented on the map. ,,,,,,HE Sultan Ahmed bin Sulayem - Chairman & CEO,UAE  ,UAE Region ,High Connectors ,Logistics / transport,,,,,,,,,,,,,,,,
239,,https://oxfordbusinessgroup.com/interview/lights-camera-action-obg-talks-noura-al-kaabi-chairwoman-media-zone-authority%E2%80%93abu-dhabi-and,This a sample data about the company including a short description about the company so users can easily understand the business scope of the entity presented on the map. ,,,,,,HE Noura Al Kaabi - Chairwoman,UAE  ,UAE Region ,High Connectors ,Media,,,,,,,,,,,,,,,,
240,,http://www.adafsa.gov.ae/English/AboutADFCA/Pages/default.aspx,This a sample data about the company including a short description about the company so users can easily understand the business scope of the entity presented on the map. ,,,,,,Abu Dhabi Agriculture & Food Safety Authority,UAE  ,Abu Dhabi,Goverment ,policies and legislations,,,,,,,,,,,,,,,,
241,,https://www.fscad.ae/English/Pages/default.aspx,This a sample data about the company including a short description about the company so users can easily understand the business scope of the entity presented on the map. ,,,,,,Emirates Food Security Council (EFSC),UAE  ,Abu Dhabi,Goverment ,policies and legislations,,,,,,,,,,,,,,,,
242,,https://en.wikipedia.org/wiki/Ali_Rashid_Lootah,This a sample data about the company including a short description about the company so users can easily understand the business scope of the entity presented on the map. ,,,,,,Ali Rashid Lootah - Chairman,UAE  ,Abu Dhabi,High Connectors ,Real estate,,,,,,,,,,,,,,,,
243,,https://www.bloomberg.com/profile/person/15416592,This a sample data about the company including a short description about the company so users can easily understand the business scope of the entity presented on the map. ,,,,,,HE Hesham Al Qassim - CEO,UAE  ,Abu Dhabi,High Connectors ,Real estate,,,,,,,,,,,,,,,,
244,,https://en.wikipedia.org/wiki/Mohammed_Al_Habtoor,This a sample data about the company including a short description about the company so users can easily understand the business scope of the entity presented on the map. ,,,,,,Khalaf Al Habtoor - Chairman,UAE  ,UAE Region ,High Connectors ,Real estate,,,,,,,,,,,,,,,,
245,,https://www.bloomberg.com/profile/person/15249401,This a sample data about the company including a short description about the company so users can easily understand the business scope of the entity presented on the map. ,,,,,,Hussain Sajwan - CEO & Chairman,UAE  ,UAE Region ,High Connectors ,Real estate,,,,,,,,,,,,,,,,
246,,https://en.wikipedia.org/wiki/Mohamed_Alabbar,This a sample data about the company including a short description about the company so users can easily understand the business scope of the entity presented on the map. ,,,,,,HE Mohamed Alabbar - Chairman,UAE  ,Abu Dhabi,High Connectors ,Real estate / retail,,,,,,,,,,,,,,,,
247,,https://www.biosaline.org/content/icba-glance,"International Center for Biosaline Agriculture (ICBA) is an international, not-for-profit applied agriculture research center. ICBA identifies, tests, and introduces resource-efficient, climate-smart crops and technologies that are best suited to different regions affected by salinity, water scarcity, and drought. Through their work, they aim to help improve food security and create jobs for some of the poorest rural communities around the world.",,,,,,International Center for Biosaline Agriculture (ICBA),UAE  ,International ,organisations ,Research ,,,,,,,,,,,,,,,,
248,,https://www.aus.edu/cas/department-of-biology-chemistry-and-environmental-sciences,"Faculty members in the Department of Biology, Chemistry and Environmental Sciences (BCE) have established collaborations with ministries, agencies and corporations in environmental research related to drinking and wastewater analysis and treatment, environmental monitoring and remediation, and environmental management strategies and assessments.
https://www.aus.edu/cas/department-of-biology-chemistry-and-environmental-sciences",,,,,,"American University of Sharjah – Dep. of Biology, Chemistry and Environmental Sciences",UAE  ,Sharjah,organisations ,Research ,,,,,,,,,,,,,,,,
249,,https://www.sharjah.ac.ae/en/Research/RISE/ECBRG/Pages/go.aspx,"The group seeks to explore plant biological and physiological processes, and understand the ecological complexity of desert ecosystems. The priority of the group is to establish a molecular physiology lab that could help in defining candidate genes that help plants tolerate the harsh conditions of the UAE deserts.",,,,,,University of Sharjah – Environmental and Chemical Biology Research Group,UAE  ,Sharjah,organisations ,Research ,,,,,,,,,,,,,,,,
250,,https://www.ku.ac.ae/project/#1543911500621-d9590b82-ff45,"The Sustainable Bioenergy Research Consortium (SBRC) is a research center that aims to advance the aviation industry’s commitment to sustainable business practices by developing technology with the promise of producing a clean, alternative fuel supply. The Seawater Energy and Agriculture System (SEAS) is the flagship project of the SBRC. This project combines an integrated system of aquaculture, halo-agriculture, and halo-agroforestry to produce sustainable biofuels for aviation and seafood.",,,,,,Khalifa University – Sustainable Bioenergy Research Consortium (SBRC),UAE  ,UAE Region ,organisations ,Research ,,,,,,,,,,,,,,,,
251,,https://cfa.uaeu.ac.ae/en/index.shtml,"The UAEU University College of Food and Agriculture is an interdisciplinary program that studies advanced food technology systems, such as production agriculture, food processing, agribusiness and natural resources, and the environment. The College consists of 3 departments: Department of Integrative Agriculture, Department of Food, Nutrition and Health, and Department of Veterinary Medicine.",,,,,,UAEU College of Food and Agriculture,UAE  ,UAE Region ,organisations ,Research ,,,,,,,,,,,,,,,,
252,,https://www.uaeu.ac.ae/en/dvcrgs/research/centers/dpdrud/,"The Date Palm Research and Development Unit at UAE University is a research laboratory that studies how to increase agricultural productivity in date palms, a significant product in the country. One of these projects is the Date Palm Tissue Culture Laboratory, which experiments with different kinds of in vitro propagation of date palms.",,,,,,UAEU Date Palm Research and Development Unit,UAE  ,UAE Region ,organisations ,Research ,,,,,,,,,,,,,,,,
253,,https://www.uaeu.ac.ae/en/dvcrgs/research/centers/eceer/,"The Emirates Center for Energy and Environment Research (ECEER) is a research center on energy production and environmental issues by providing analyses, research and technical solutions with particular emphasis on the UAE and regional energy issues. It focuses on 6 key research areas that include oil and gas, petrochemicals, environment, alternative sources and efficient use of energy, energy studies & policies and energy utilization and efficiency.",,,,,,UAEU Emirates Center for Energy and Environment Research,UAE  ,UAE Region ,organisations ,Research ,,,,,,,,,,,,,,,,
254,,https://www.uaeu.ac.ae/en/kcgeb/,"The research at the KCGEB is involved in the development of crops tolerant to abiotic stresses through knowledge generation and translational research. The Center is also focused on developing crops with enhanced agronomic traits to expand value chains of existing industrial crops through genomics, genetic engineering and biotechnological innovations.",,,,,,UAEU Khalifa Center for Genetic Engineering and Biotechnology,UAE  ,UAE Region ,organisations ,Research ,,,,,,,,,,,,,,,,
255,,https://www.uaeu.ac.ae/en/dvcrgs/research/centers/nwc/nwcagriculture.shtml,"The National Water Center (NWC) is a multidisciplinary research and consultancy center based at UAE University in Al Ain. Its scope of research encompasses assessment, development, management and sustainability of groundwater, surface water, desalinated water, and treated wastewater. The Center provides high-impact research and innovative practical solutions to water-related challenges across the United Arab Emirates and beyond.
",,,,,,UAEU National Water Center,UAE  ,UAE Region ,organisations ,Research ,,,,,,,,,,,,,,,,
256,,https://www.bloomberg.com/profile/person/16202314,This a sample data about the company including a short description about the company so users can easily understand the business scope of the entity presented on the map. ,,,,,,Mohammed Alshaya - Executive Chairman,UAE  ,Abu Dhabi,High Connectors ,Retail,,,,,,,,,,,,,,,,
257,,https://www.weforum.org/people/sarah-al-amiri,This a sample data about the company including a short description about the company so users can easily understand the business scope of the entity presented on the map. ,,,,,,"HE Sarah bint Yousif Al Amiri - Deputy project manager, Chairwoman",UAE  ,Dubai,High Connectors ,Science and technology,,,,,,,,,,,,,,,,
258,,https://en.wikipedia.org/wiki/Mohammed_Nasser_Al_Ahbabi,This a sample data about the company including a short description about the company so users can easily understand the business scope of the entity presented on the map. ,,,,,,HE Dr Mohammed Nasser Al Ahbabi - Director General,UAE  ,Dubai,High Connectors ,Science and technology,,,,,,,,,,,,,,,,
259,,https://en.wikipedia.org/wiki/Faisal_Al_Bannai,This a sample data about the company including a short description about the company so users can easily understand the business scope of the entity presented on the map. ,,,,,,Faisal Al Bannai - Founder & Managing Director,UAE  ,UAE Region ,High Connectors ,Science and technology,,,,,,,,,,,,,,,,
260,,https://en.wikipedia.org/wiki/Saleh_Al_Abdooli,This a sample data about the company including a short description about the company so users can easily understand the business scope of the entity presented on the map. ,,,,,,Saleh Al Abdooli,UAE  ,Abu Dhabi,High Connectors ,Telecoms,,,,,,,,,,,,,,,,
261,,https://naseba.com/thought-leaders/osman-sultan-ceo-du-telecom/,This a sample data about the company including a short description about the company so users can easily understand the business scope of the entity presented on the map. ,,,,,,Osman Sultan - CEO,UAE  ,Dubai,High Connectors ,Telecoms,,,,,,,,,,,,,,,,
262,,https://www.linkedin.com/in/issam-kazim-5802ba21,This a sample data about the company including a short description about the company so users can easily understand the business scope of the entity presented on the map. ,,,,,,Issam Kazim - CEO,UAE  ,Abu Dhabi,High Connectors ,Tourism,,,,,,,,,,,,,,,,
263,,https://www.accenture.com/ae-en/about/ventures-index,Accenture Ventures conducts extensive research with top accelerators and venture capitalists to identify key players and make strategic equity investments. They leverage cross-functional expertise to drive transformation across several technology areas of focus.,,,,,,Accenture Ventures,UAE  ,International ,Investor ,VC,,,,,,,,,,,,,,,,
264,,https://hackathon.govtechprize.ae/,"The UAE Government is organising the World Virtual GovHack, which invites top minds from around the world to team up and help in producing innovative solutions that would benefit the global community in the following key challenges:
Refugee resettlement
Clean water
Food security
Electricity access
Economic security
Government services transformation",,,,,,GovTech Prize,UAE  ,UAE Region ,Events/Awards ,Awards,,,,,,,,,,,,,,,,
